Merchant,Segment
282t1vpldi,SaaS
2x5fpa2a9k9,SaaS
39rrckrzfr,SaaS
3r5r60f6r,Platform
4p36czyqfr,Platform
50zxrqc9pb9,Platform
5ellnhilik9,SaaS
8kkxv1xxbt9,E-Commerce Store
9vd51p2e29,E-Commerce Store
a9jszcl3di,E-Commerce Store
awzc15rk9,SaaS
c5dxqolxr,E-Commerce Store
ctow2fenrk9,SaaS
fix7e4xtj4i,E-Commerce Store
gtey5htzkt9,SaaS
hkw5486w29,Platform
hu22wwpcik9,Platform
jrb04vuc8fr,SaaS
jstcqq9qkt9,SaaS
lv6bu51att9,SaaS
m6jyvblc8fr,SaaS
nsoxg9fi529,E-Commerce Store
obpa1e89f6r,Platform
q5o0270t3xr,Platform
r1aca4z33di,Platform
rczsldz33di,E-Commerce Store
tgiaz41jor,E-Commerce Store
u9nzlgqr529,Platform
w1x4pumobt9,E-Commerce Store
wtnlnqrrudi,E-Commerce Store
wzimmlvj9k9,E-Commerce Store
yadjx8estt9,E-Commerce Store
zz8yi2lz0k9,E-Commerce Store
